<?xml version="1.0" encoding="UTF-8"?>
<project-private xmlns="http://www.netbeans.org/ns/project-private/1">
    <editor-bookmarks xmlns="http://www.netbeans.org/ns/editor-bookmarks/2" lastBookmarkId="0"/>
    <open-files xmlns="http://www.netbeans.org/ns/projectui-open-files/2">
        <group>
            <file>file:/C:/Users/Alain/Documents/EPFC/Anc3/MiniProject%20-%20V1/src/util/Action.java</file>
            <file>file:/C:/Users/Alain/Documents/EPFC/Anc3/MiniProject%20-%20V1/src/model/Model.java</file>
            <file>file:/C:/Users/Alain/Documents/EPFC/Anc3/MiniProject%20-%20V1/src/view/View.java</file>
            <file>file:/C:/Users/Alain/Documents/EPFC/Anc3/MiniProject%20-%20V1/src/view/AddBox.java</file>
            <file>file:/C:/Users/Alain/Documents/EPFC/Anc3/MiniProject%20-%20V1/src/view/LabeledListView.java</file>
            <file>file:/C:/Users/Alain/Documents/EPFC/Anc3/MiniProject%20-%20V1/src/view/CenterBox.java</file>
            <file>file:/C:/Users/Alain/Documents/EPFC/Anc3/MiniProject%20-%20V1/test/model/ModelTest.java</file>
            <file>file:/C:/Users/Alain/Documents/EPFC/Anc3/MiniProject%20-%20V1/src/main/Main.java</file>
        </group>
    </open-files>
</project-private>
